-- MySQL dump 10.13  Distrib 8.0.39, for Win64 (x86_64)
--
-- Host: localhost    Database: mydatabase
-- ------------------------------------------------------
-- Server version	8.0.39

/*!40101 SET @OLD_CHARACTER_SET_CLIENT=@@CHARACTER_SET_CLIENT */;
/*!40101 SET @OLD_CHARACTER_SET_RESULTS=@@CHARACTER_SET_RESULTS */;
/*!40101 SET @OLD_COLLATION_CONNECTION=@@COLLATION_CONNECTION */;
/*!50503 SET NAMES utf8mb4 */;
/*!40103 SET @OLD_TIME_ZONE=@@TIME_ZONE */;
/*!40103 SET TIME_ZONE='+00:00' */;
/*!40014 SET @OLD_UNIQUE_CHECKS=@@UNIQUE_CHECKS, UNIQUE_CHECKS=0 */;
/*!40014 SET @OLD_FOREIGN_KEY_CHECKS=@@FOREIGN_KEY_CHECKS, FOREIGN_KEY_CHECKS=0 */;
/*!40101 SET @OLD_SQL_MODE=@@SQL_MODE, SQL_MODE='NO_AUTO_VALUE_ON_ZERO' */;
/*!40111 SET @OLD_SQL_NOTES=@@SQL_NOTES, SQL_NOTES=0 */;

--
-- Table structure for table `class`
--

DROP TABLE IF EXISTS `class`;
/*!40101 SET @saved_cs_client     = @@character_set_client */;
/*!50503 SET character_set_client = utf8mb4 */;
CREATE TABLE `class` (
  `ClassID` int NOT NULL,
  `MajorID` varchar(255) DEFAULT NULL,
  PRIMARY KEY (`ClassID`),
  KEY `class_major_FK` (`MajorID`),
  CONSTRAINT `class_major_FK` FOREIGN KEY (`MajorID`) REFERENCES `major` (`MajorID`) ON DELETE RESTRICT ON UPDATE CASCADE
) ENGINE=InnoDB DEFAULT CHARSET=utf8mb4 COLLATE=utf8mb4_0900_ai_ci;
/*!40101 SET character_set_client = @saved_cs_client */;

--
-- Dumping data for table `class`
--

LOCK TABLES `class` WRITE;
/*!40000 ALTER TABLE `class` DISABLE KEYS */;
INSERT INTO `class` VALUES (2203012,'人工智能'),(2203013,'人工智能'),(2203014,'网络安全'),(2203015,'网络安全'),(2203016,'计算机科学与技术'),(2203017,'计算机科学与技术'),(2203018,'软件工程'),(2203019,'软件工程');
/*!40000 ALTER TABLE `class` ENABLE KEYS */;
UNLOCK TABLES;

--
-- Table structure for table `course`
--

DROP TABLE IF EXISTS `course`;
/*!40101 SET @saved_cs_client     = @@character_set_client */;
/*!50503 SET character_set_client = utf8mb4 */;
CREATE TABLE `course` (
  `CourseID` varchar(255) NOT NULL,
  `CourseName` varchar(255) DEFAULT NULL,
  `Credits` int DEFAULT NULL,
  PRIMARY KEY (`CourseID`)
) ENGINE=InnoDB DEFAULT CHARSET=utf8mb4 COLLATE=utf8mb4_0900_ai_ci;
/*!40101 SET character_set_client = @saved_cs_client */;

--
-- Dumping data for table `course`
--

LOCK TABLES `course` WRITE;
/*!40000 ALTER TABLE `course` DISABLE KEYS */;
INSERT INTO `course` VALUES ('AM1113001','军事理论',2),('CS1121004','计算机导论',2),('CS1121005','计算机导论实验',1),('CS1121006','程序设计基础',2),('CS2121001','模拟电子技术基础',3),('CS2121003','数电、模电、EDA实验',2),('CS2121007','离散数学',3),('CS2221016','数据结构',3),('CS2221017','数据结构实验',1),('CS2221027','数据结构与算法',3),('CS2221028','数据结构与算法实验',1),('CS3121009','计算机组织与体系结构',5),('CS3121010','微机系统',5),('CS3121011','操作系统',3),('CS3121012','操作系统实验',1),('CS3121013','计算机通信与网络',4),('CS3121014','数据库系统',3),('CS3221018','算法分析与设计',2),('CS3221020','计算机图形学',2),('CS3221022','计算机安全基础',2),('CS3221023','代数系统',2),('CS3221024','编译原理',3),('CS3221025','面向对象程序设计',3),('CS3221030','VLSI设计概论',2),('CS3221031','数字信号处理',3),('CS3221032','人机交互技术',2),('CS3221033','数字图像处理',2),('CS3221036','网络安全技术',2),('CS3221037','计算机控制',3),('CS3321038','组合数学',2),('CS3321040','网络多媒体技术',2),('CS3321041','数据库应用',2),('CS3321043','数据挖掘',2),('CS3321045','模式识别',2),('CS3321047','软件测试',2),('CS3321048','驱动程序设计',2),('CS4121015','软件工程',3),('CS4221019','数值分析',2),('CS4221021','人工智能导论',2),('CS4221026','网络计算',3),('CS4221029','嵌入式系统',3),('CS4221034','网络程序设计',2),('CS4221035','网络管理',2),('CS4321039','组网工程',1),('CS4321042','接口技术',2),('CS4321044','并行程序设计',2),('CS4321046','DSP原理及应用',2),('CS4321049','电子商务',2),('CS4321050','下一代互联网',1),('CS4321051','Unix环境编程',2),('EM1112001','工程图学与计算机绘图',3),('HA1112004','大学英语',16),('HA1113003','中国近代史纲要',2),('HA2113001','毛泽东思想、邓小平理论和\'三个代表\'重要思想概论',6),('HA2113002','马克思主义基本原理',3),('HE1123001','体育',4),('IB2111005','数字电路与逻辑设计',3),('IB2113001','电路分析基础',5),('IB2113002','信号与系统',5),('IB2113003','电路、信号与系统实验',1),('IR1113001','思想道德修养与法律基础',3),('IR1123002','形势与政策',2),('SC1112001','高等数学',12),('SC1112003','线性代数',3),('SC1112007','大学物理',8),('SC1112008','物理实验',2),('SC2112005','概率论与数理统计',3),('SC2322002','数学分析选讲',2);
/*!40000 ALTER TABLE `course` ENABLE KEYS */;
UNLOCK TABLES;

--
-- Table structure for table `grade`
--

DROP TABLE IF EXISTS `grade`;
/*!40101 SET @saved_cs_client     = @@character_set_client */;
/*!50503 SET character_set_client = utf8mb4 */;
CREATE TABLE `grade` (
  `StudentID` int NOT NULL,
  `CourseID` varchar(255) NOT NULL,
  `Score` int DEFAULT NULL,
  PRIMARY KEY (`StudentID`,`CourseID`),
  KEY `grade_course_FK` (`CourseID`),
  CONSTRAINT `grade_course_FK` FOREIGN KEY (`CourseID`) REFERENCES `course` (`CourseID`) ON DELETE RESTRICT ON UPDATE CASCADE,
  CONSTRAINT `Grade_student_FK` FOREIGN KEY (`StudentID`) REFERENCES `student` (`StudentID`) ON DELETE RESTRICT ON UPDATE CASCADE
) ENGINE=InnoDB DEFAULT CHARSET=utf8mb4 COLLATE=utf8mb4_0900_ai_ci;
/*!40101 SET character_set_client = @saved_cs_client */;

--
-- Dumping data for table `grade`
--

LOCK TABLES `grade` WRITE;
/*!40000 ALTER TABLE `grade` DISABLE KEYS */;
INSERT INTO `grade` VALUES (1001,'CS3221025',90),(1002,'AM1113001',90),(3051001,'CS2221016',74),(3051001,'CS3221020',99),(3051001,'CS3221022',66),(3051001,'CS3321038',63),(3051002,'AM1113001',65),(3051002,'CS3221025',89),(3051002,'CS3221032',92),(3051002,'CS3221033',93),(3051003,'CS1121004',69),(3051003,'CS2121001',68),(3051003,'CS2221028',86),(3051003,'CS3221036',74),(3051004,'CS3121013',64),(3051004,'CS3221024',68),(3051004,'CS3221025',98),(3051004,'CS4221021',58),(3051005,'AM1113001',66),(3051005,'CS3221025',67),(3051005,'CS3221032',96),(3051005,'CS3221033',61),(3051006,'CS1121004',59),(3051006,'CS2121001',95),(3051006,'CS2221028',84),(3051006,'CS3221036',69),(3051007,'CS2221016',73),(3051007,'CS3221020',71),(3051007,'CS3221022',81),(3051007,'CS3321038',82),(3051008,'CS3121013',64),(3051008,'CS3221024',80),(3051008,'CS3221025',78),(3051008,'CS4221021',73),(3051009,'CS2221016',68),(3051009,'CS3221020',96),(3051009,'CS3221022',84),(3051009,'CS3321038',85),(3051010,'AM1113001',83),(3051010,'CS3221025',62),(3051010,'CS3221032',94),(3051010,'CS3221033',78),(3051011,'CS3121013',89),(3051011,'CS3221024',87),(3051011,'CS3221025',79),(3051011,'CS4221021',87),(3051012,'CS3121013',78),(3051012,'CS3221024',87),(3051012,'CS3221025',85),(3051012,'CS4221021',73),(3051013,'CS2221016',59),(3051013,'CS3221020',91),(3051013,'CS3221022',83),(3051013,'CS3321038',82),(3051014,'CS2221016',82),(3051014,'CS3221020',99),(3051014,'CS3221022',80),(3051014,'CS3321038',84),(3051015,'CS1121004',96),(3051015,'CS2121001',79),(3051015,'CS2221028',94),(3051015,'CS3221036',99),(3051016,'AM1113001',94),(3051016,'CS3221025',63),(3051016,'CS3221032',87),(3051016,'CS3221033',66),(3051017,'CS2221016',78),(3051017,'CS3221020',67),(3051017,'CS3221022',88),(3051017,'CS3321038',80),(3051018,'CS2221016',88),(3051018,'CS3221020',74),(3051018,'CS3221022',78),(3051018,'CS3321038',61),(3051019,'AM1113001',58),(3051019,'CS3221025',73),(3051019,'CS3221032',79),(3051019,'CS3221033',68),(3051020,'CS1121004',97),(3051020,'CS2121001',89),(3051020,'CS2221028',79),(3051020,'CS3221036',59),(3051021,'CS1121004',79),(3051021,'CS2121001',58),(3051021,'CS2221028',100),(3051021,'CS3221036',89),(3051022,'CS1121004',59),(3051022,'CS2121001',94),(3051022,'CS2221028',65),(3051022,'CS3221036',59),(3051023,'AM1113001',98),(3051023,'CS3221025',95),(3051023,'CS3221032',76),(3051023,'CS3221033',90),(3051024,'AM1113001',69),(3051024,'CS3221025',90),(3051024,'CS3221032',61),(3051024,'CS3221033',65),(3051025,'CS1121004',65),(3051025,'CS2121001',79),(3051025,'CS2221028',92),(3051025,'CS3221036',74),(3051026,'CS3121013',88),(3051026,'CS3221024',72),(3051026,'CS3221025',100),(3051026,'CS4221021',62),(3051027,'AM1113001',98),(3051027,'CS3221025',80),(3051027,'CS3221032',86),(3051027,'CS3221033',95),(3051028,'AM1113001',94),(3051028,'CS3221025',71),(3051028,'CS3221032',79),(3051028,'CS3221033',65),(3051029,'CS2221016',75),(3051029,'CS3221020',68),(3051029,'CS3221022',85),(3051029,'CS3321038',99),(3051030,'AM1113001',85),(3051030,'CS3221025',61),(3051030,'CS3221032',71),(3051030,'CS3221033',77),(3051031,'AM1113001',76),(3051031,'CS3221025',79),(3051031,'CS3221032',80),(3051031,'CS3221033',89),(3051032,'CS1121004',90),(3051032,'CS2121001',73),(3051032,'CS2221028',88),(3051032,'CS3221036',80),(3051033,'CS1121004',80),(3051033,'CS2121001',92),(3051033,'CS2221028',91),(3051033,'CS3221036',97),(3051034,'CS3121013',99),(3051034,'CS3221024',98),(3051034,'CS3221025',70),(3051034,'CS4221021',87),(3051035,'CS3121013',93),(3051035,'CS3221024',77),(3051035,'CS3221025',96),(3051035,'CS4221021',96),(3051036,'CS2221016',97),(3051036,'CS3221020',86),(3051036,'CS3221022',91),(3051036,'CS3321038',93),(3051037,'CS2221016',68),(3051037,'CS3221020',72),(3051037,'CS3221022',94),(3051037,'CS3321038',88),(3051038,'CS2221016',81),(3051038,'CS3221020',69),(3051038,'CS3221022',69),(3051038,'CS3321038',68),(3051039,'CS3121013',81),(3051039,'CS3221024',70),(3051039,'CS3221025',87),(3051039,'CS4221021',97),(3051040,'CS3121013',89),(3051040,'CS3221024',88),(3051040,'CS3221025',98),(3051040,'CS4221021',62),(3051041,'CS3121013',88),(3051041,'CS3221024',100),(3051041,'CS3221025',70),(3051041,'CS4221021',61),(3051042,'CS1121004',92),(3051042,'CS2121001',58),(3051042,'CS2221028',70),(3051042,'CS3221036',84),(3051043,'CS3121013',78),(3051043,'CS3221024',68),(3051043,'CS3221025',87),(3051043,'CS4221021',77),(3051044,'CS1121004',73),(3051044,'CS2121001',69),(3051044,'CS2221028',59),(3051044,'CS3221036',100),(3051045,'AM1113001',71),(3051045,'CS3221025',99),(3051045,'CS3221032',59),(3051045,'CS3221033',89),(3051046,'CS1121004',75),(3051046,'CS2121001',100),(3051046,'CS2221028',90),(3051046,'CS3221036',66),(3051047,'CS1121004',74),(3051047,'CS2121001',79),(3051047,'CS2221028',72),(3051047,'CS3221036',91),(3051048,'CS1121004',79),(3051048,'CS2121001',82),(3051048,'CS2221028',65),(3051048,'CS3221036',73),(3051049,'CS3121013',76),(3051049,'CS3221024',79),(3051049,'CS3221025',88),(3051049,'CS4221021',58),(3051050,'CS3121013',63),(3051050,'CS3221024',85),(3051050,'CS3221025',91),(3051050,'CS4221021',74),(3051051,'CS1121004',74),(3051051,'CS2121001',68),(3051051,'CS2221028',62),(3051051,'CS3221036',91),(3051052,'CS3121013',75),(3051052,'CS3221024',75),(3051052,'CS3221025',59),(3051052,'CS4221021',92),(3051053,'CS1121004',94),(3051053,'CS2121001',92),(3051053,'CS2221028',64),(3051053,'CS3221036',97),(3051054,'CS1121004',89),(3051054,'CS2121001',59),(3051054,'CS2221028',98),(3051054,'CS3221036',78),(3051055,'CS3121013',92),(3051055,'CS3221024',60),(3051055,'CS3221025',64),(3051055,'CS4221021',80),(3051056,'AM1113001',79),(3051056,'CS3221025',99),(3051056,'CS3221032',80),(3051056,'CS3221033',87),(3051057,'CS1121004',68),(3051057,'CS2121001',76),(3051057,'CS2221028',98),(3051057,'CS3221036',73),(3051058,'CS1121004',69),(3051058,'CS2121001',98),(3051058,'CS2221028',72),(3051058,'CS3221036',60),(3051059,'CS1121004',61),(3051059,'CS2121001',99),(3051059,'CS2221028',63),(3051059,'CS3221036',91),(3051060,'AM1113001',93),(3051060,'CS3221025',80),(3051060,'CS3221032',86),(3051060,'CS3221033',83),(3051061,'CS1121004',59),(3051061,'CS2121001',69),(3051061,'CS2221028',83),(3051061,'CS3221036',82),(3051062,'AM1113001',68),(3051062,'CS3221025',91),(3051062,'CS3221032',68),(3051062,'CS3221033',80),(3051063,'CS3121013',65),(3051063,'CS3221024',58),(3051063,'CS3221025',63),(3051063,'CS4221021',60),(3051064,'AM1113001',78),(3051064,'CS3221025',82),(3051064,'CS3221032',93),(3051064,'CS3221033',93),(3051065,'CS2221016',60),(3051065,'CS3221020',59),(3051065,'CS3221022',85),(3051065,'CS3321038',77),(3051066,'CS1121004',64),(3051066,'CS2121001',73),(3051066,'CS2221028',69),(3051066,'CS3221036',67),(3051067,'AM1113001',61),(3051067,'CS3221025',58),(3051067,'CS3221032',62),(3051067,'CS3221033',86),(3051068,'CS1121004',96),(3051068,'CS2121001',82),(3051068,'CS2221028',82),(3051068,'CS3221036',78),(3051069,'AM1113001',67),(3051069,'CS3221025',73),(3051069,'CS3221032',86),(3051069,'CS3221033',67),(3051070,'CS1121004',77),(3051070,'CS2121001',81),(3051070,'CS2221028',82),(3051070,'CS3221036',76),(3051071,'CS2221016',62),(3051071,'CS3221020',80),(3051071,'CS3221022',82),(3051071,'CS3321038',66),(3051072,'AM1113001',70),(3051072,'CS3221025',98),(3051072,'CS3221032',68),(3051072,'CS3221033',95),(3051073,'CS2221016',76),(3051073,'CS3221020',66),(3051073,'CS3221022',86),(3051073,'CS3321038',72),(3051074,'AM1113001',86),(3051074,'CS3221025',73),(3051074,'CS3221032',66),(3051074,'CS3221033',84),(3051075,'AM1113001',81),(3051075,'CS3221025',86),(3051075,'CS3221032',84),(3051075,'CS3221033',65),(3051076,'CS2221016',73),(3051076,'CS3221020',78),(3051076,'CS3221022',86),(3051076,'CS3321038',87),(3051077,'CS1121004',79),(3051077,'CS2121001',82),(3051077,'CS2221028',88),(3051077,'CS3221036',73),(3051078,'CS3121013',85),(3051078,'CS3221024',69),(3051078,'CS3221025',90),(3051078,'CS4221021',69),(3051079,'AM1113001',58),(3051079,'CS3221025',76),(3051079,'CS3221032',65),(3051079,'CS3221033',78),(3051080,'CS3121013',71),(3051080,'CS3221024',92),(3051080,'CS3221025',84),(3051080,'CS4221021',96),(3051081,'CS2221016',88),(3051081,'CS3221020',79),(3051081,'CS3221022',89),(3051081,'CS3321038',95),(3051082,'CS3121013',91),(3051082,'CS3221024',94),(3051082,'CS3221025',87),(3051082,'CS4221021',79),(3051083,'CS3121013',69),(3051083,'CS3221024',64),(3051083,'CS3221025',59),(3051083,'CS4221021',86),(3051084,'CS3121013',86),(3051084,'CS3221024',65),(3051084,'CS3221025',92),(3051084,'CS4221021',98),(3051085,'CS2221016',59),(3051085,'CS3221020',86),(3051085,'CS3221022',97),(3051085,'CS3321038',97),(3051086,'CS2221016',73),(3051086,'CS3221020',93),(3051086,'CS3221022',96),(3051086,'CS3321038',70),(3051087,'AM1113001',92),(3051087,'CS3221025',95),(3051087,'CS3221032',91),(3051087,'CS3221033',93),(3051088,'AM1113001',93),(3051088,'CS3221025',74),(3051088,'CS3221032',80),(3051088,'CS3221033',76),(3051089,'CS1121004',86),(3051089,'CS2121001',91),(3051089,'CS2221028',100),(3051089,'CS3221036',97),(3051090,'CS1121004',77),(3051090,'CS2121001',60),(3051090,'CS2221028',90),(3051090,'CS3221036',61),(3051091,'CS2221016',85),(3051091,'CS3221020',76),(3051091,'CS3221022',99),(3051091,'CS3321038',80),(3051092,'CS3121013',60),(3051092,'CS3221024',98),(3051092,'CS3221025',76),(3051092,'CS4221021',82),(3051093,'AM1113001',100),(3051093,'CS3221025',84),(3051093,'CS3221032',96),(3051093,'CS3221033',84),(3051094,'AM1113001',82),(3051094,'CS3221025',89),(3051094,'CS3221032',73),(3051094,'CS3221033',81),(3051095,'CS1121004',65),(3051095,'CS2121001',68),(3051095,'CS2221028',79),(3051095,'CS3221036',67),(3051096,'CS1121004',91),(3051096,'CS2121001',85),(3051096,'CS2221028',86),(3051096,'CS3221036',81),(3051097,'CS1121004',67),(3051097,'CS2121001',68),(3051097,'CS2221028',100),(3051097,'CS3221036',91),(3051098,'CS2221016',78),(3051098,'CS3221020',62),(3051098,'CS3221022',77),(3051098,'CS3321038',72),(3051099,'CS3121013',72),(3051099,'CS3221024',67),(3051099,'CS3221025',91),(3051099,'CS4221021',65),(3051100,'CS1121004',87),(3051100,'CS2121001',58),(3051100,'CS2221028',97),(3051100,'CS3221036',60),(3051101,'AM1113001',73),(3051101,'CS3221025',87),(3051101,'CS3221032',74),(3051101,'CS3221033',98),(3051102,'CS3121013',63),(3051102,'CS3221024',61),(3051102,'CS3221025',58),(3051102,'CS4221021',60),(3051103,'CS1121004',83),(3051103,'CS2121001',94),(3051103,'CS2221028',67),(3051103,'CS3221036',68),(3051104,'CS3121013',92),(3051104,'CS3221024',72),(3051104,'CS3221025',93),(3051104,'CS4221021',92),(3051105,'CS2221016',97),(3051105,'CS3221020',75),(3051105,'CS3221022',85),(3051105,'CS3321038',95),(3051106,'AM1113001',60),(3051106,'CS3221025',73),(3051106,'CS3221032',84),(3051106,'CS3221033',59),(3051107,'CS1121004',100),(3051107,'CS2121001',83),(3051107,'CS2221028',74),(3051107,'CS3221036',59),(3051108,'CS3121013',76),(3051108,'CS3221024',89),(3051108,'CS3221025',76),(3051108,'CS4221021',72);
/*!40000 ALTER TABLE `grade` ENABLE KEYS */;
UNLOCK TABLES;

--
-- Table structure for table `major`
--

DROP TABLE IF EXISTS `major`;
/*!40101 SET @saved_cs_client     = @@character_set_client */;
/*!50503 SET character_set_client = utf8mb4 */;
CREATE TABLE `major` (
  `MajorID` varchar(255) NOT NULL,
  PRIMARY KEY (`MajorID`)
) ENGINE=InnoDB DEFAULT CHARSET=utf8mb4 COLLATE=utf8mb4_0900_ai_ci;
/*!40101 SET character_set_client = @saved_cs_client */;

--
-- Dumping data for table `major`
--

LOCK TABLES `major` WRITE;
/*!40000 ALTER TABLE `major` DISABLE KEYS */;
INSERT INTO `major` VALUES ('人工智能'),('网络安全'),('计算机科学与技术'),('软件工程');
/*!40000 ALTER TABLE `major` ENABLE KEYS */;
UNLOCK TABLES;

--
-- Table structure for table `majorplan`
--

DROP TABLE IF EXISTS `majorplan`;
/*!40101 SET @saved_cs_client     = @@character_set_client */;
/*!50503 SET character_set_client = utf8mb4 */;
CREATE TABLE `majorplan` (
  `MajorID` varchar(255) NOT NULL,
  `CourseID` varchar(255) CHARACTER SET utf8mb4 COLLATE utf8mb4_0900_ai_ci NOT NULL,
  `Semester` enum('大一上','大一下','大二上','大二下','大三上','大三下') DEFAULT NULL,
  `quality` enum('必修','选修') DEFAULT NULL,
  PRIMARY KEY (`MajorID`,`CourseID`),
  KEY `majorplan_course_FK` (`CourseID`),
  CONSTRAINT `majorplan_course_FK` FOREIGN KEY (`CourseID`) REFERENCES `course` (`CourseID`) ON DELETE RESTRICT ON UPDATE CASCADE,
  CONSTRAINT `majorplan_major_FK` FOREIGN KEY (`MajorID`) REFERENCES `major` (`MajorID`) ON DELETE RESTRICT ON UPDATE CASCADE
) ENGINE=InnoDB DEFAULT CHARSET=utf8mb4 COLLATE=utf8mb4_0900_ai_ci;
/*!40101 SET character_set_client = @saved_cs_client */;

--
-- Dumping data for table `majorplan`
--

LOCK TABLES `majorplan` WRITE;
/*!40000 ALTER TABLE `majorplan` DISABLE KEYS */;
INSERT INTO `majorplan` VALUES ('人工智能','AM1113001','大二上','必修'),('人工智能','CS3221025','大二上','选修'),('人工智能','CS3221032','大二上','选修'),('人工智能','CS3221033','大二上','必修'),('网络安全','CS2221016','大二上','必修'),('网络安全','CS3221020','大二上','选修'),('网络安全','CS3221022','大二上','必修'),('网络安全','CS3321038','大二上','选修'),('计算机科学与技术','CS1121004','大二上','必修'),('计算机科学与技术','CS2121001','大二上','必修'),('计算机科学与技术','CS2221028','大二上','选修'),('计算机科学与技术','CS3221036','大二上','选修'),('软件工程','CS3121013','大二上','选修'),('软件工程','CS3221024','大二上','必修'),('软件工程','CS3221025','大二上','必修'),('软件工程','CS4221021','大二上','选修');
/*!40000 ALTER TABLE `majorplan` ENABLE KEYS */;
UNLOCK TABLES;

--
-- Temporary view structure for view `newview`
--

DROP TABLE IF EXISTS `newview`;
/*!50001 DROP VIEW IF EXISTS `newview`*/;
SET @saved_cs_client     = @@character_set_client;
/*!50503 SET character_set_client = utf8mb4 */;
/*!50001 CREATE VIEW `newview` AS SELECT 
 1 AS `StudentID`,
 1 AS `CourseName`,
 1 AS `quality`,
 1 AS `TeacherName`,
 1 AS `Semester`,
 1 AS `Credits`,
 1 AS `Score`*/;
SET character_set_client = @saved_cs_client;

--
-- Temporary view structure for view `newview_1`
--

DROP TABLE IF EXISTS `newview_1`;
/*!50001 DROP VIEW IF EXISTS `newview_1`*/;
SET @saved_cs_client     = @@character_set_client;
/*!50503 SET character_set_client = utf8mb4 */;
/*!50001 CREATE VIEW `newview_1` AS SELECT 
 1 AS `StudentID`,
 1 AS `CourseID`,
 1 AS `Score`,
 1 AS `MajorID`*/;
SET character_set_client = @saved_cs_client;

--
-- Table structure for table `student`
--

DROP TABLE IF EXISTS `student`;
/*!40101 SET @saved_cs_client     = @@character_set_client */;
/*!50503 SET character_set_client = utf8mb4 */;
CREATE TABLE `student` (
  `StudentID` int NOT NULL,
  `StudentName` varchar(255) DEFAULT NULL,
  `StudentGender` varchar(255) DEFAULT NULL,
  `Birthday` varchar(100) CHARACTER SET utf8mb4 COLLATE utf8mb4_0900_ai_ci DEFAULT NULL,
  PRIMARY KEY (`StudentID`)
) ENGINE=InnoDB DEFAULT CHARSET=utf8mb4 COLLATE=utf8mb4_0900_ai_ci;
/*!40101 SET character_set_client = @saved_cs_client */;

--
-- Dumping data for table `student`
--

LOCK TABLES `student` WRITE;
/*!40000 ALTER TABLE `student` DISABLE KEYS */;
INSERT INTO `student` VALUES (1001,'李明','男','2003/1/1'),(1002,'李明','男','2000/1/1'),(100011,'龙傲天','男','2000/1/1'),(3051001,'许艳芳','女',NULL),(3051002,'林丽娟','女',NULL),(3051003,'魏娜','女',NULL),(3051004,'张亚楠','女',NULL),(3051005,'孙寅秋','女',NULL),(3051006,'袁巍巍','女',NULL),(3051007,'王洁','女',NULL),(3051008,'宋丽','女',NULL),(3051009,'张璐','女',NULL),(3051010,'田旻','女',NULL),(3051011,'吝倩','女',NULL),(3051012,'武杏杏','女',NULL),(3051013,'杨一诺','女',NULL),(3051014,'李霞','女',NULL),(3051015,'郝艳青','男',NULL),(3051016,'谢志宏','男',NULL),(3051017,'苏宇铭','男',NULL),(3051018,'陈杰','男',NULL),(3051019,'张琦','男',NULL),(3051020,'彭良庆','男',NULL),(3051021,'唐国柱','男',NULL),(3051022,'农飞','男',NULL),(3051023,'史继宾','男',NULL),(3051024,'程淼','男',NULL),(3051025,'宋建雷','男',NULL),(3051026,'牛伟','男',NULL),(3051027,'习晨','男',NULL),(3051028,'苏春宇','男',NULL),(3051029,'金磊','男',NULL),(3051030,'马彪','男',NULL),(3051031,'张锐','男',NULL),(3051032,'刘建国','男',NULL),(3051033,'张帆','男',NULL),(3051034,'周治中','男',NULL),(3051035,'周晓飞','男',NULL),(3051036,'徐文章','男',NULL),(3051037,'王德海','男',NULL),(3051038,'周立新','男',NULL),(3051039,'唐博','男',NULL),(3051040,'鲁军','男',NULL),(3051041,'韦洪宇','男',NULL),(3051042,'梁亚雄','男',NULL),(3051043,'赵克敏','男',NULL),(3051044,'张弛','男',NULL),(3051045,'宋涛','男',NULL),(3051046,'任江宁','男',NULL),(3051047,'徐亚文','男',NULL),(3051048,'雷磊','男',NULL),(3051049,'王慧安','男',NULL),(3051050,'董璇','男',NULL),(3051051,'李涛','男',NULL),(3051052,'刘政','男',NULL),(3051053,'王俊涛','男',NULL),(3051054,'周星','男',NULL),(3051055,'熊伟','男',NULL),(3051056,'王小琪','女',NULL),(3051057,'陈羽','女',NULL),(3051058,'高丽丽','女',NULL),(3051059,'江潇潇','女',NULL),(3051060,'胡瑞雪','女',NULL),(3051061,'乐苹芳','女',NULL),(3051062,'綦晓颖','女',NULL),(3051063,'曹莹','女',NULL),(3051064,'张昕','女',NULL),(3051065,'赵铁梅','女',NULL),(3051066,'刘青','女',NULL),(3051067,'杨淑玲','女',NULL),(3051068,'和文艳','女',NULL),(3051069,'吕涛','男',NULL),(3051070,'林雨','男',NULL),(3051071,'陈熙','男',NULL),(3051072,'陈永德','男',NULL),(3051073,'黎学森','男',NULL),(3051074,'林德成','男',NULL),(3051075,'林中晓','男',NULL),(3051076,'詹俊武','男',NULL),(3051077,'张永晓','男',NULL),(3051078,'付凯元','男',NULL),(3051079,'冯尧','男',NULL),(3051080,'包瑞飞','男',NULL),(3051081,'许超','男',NULL),(3051082,'梁建威','男',NULL),(3051083,'赵迪','男',NULL),(3051084,'张山','男',NULL),(3051085,'熊焕明','男',NULL),(3051086,'刘洋','男',NULL),(3051087,'丁路','男',NULL),(3051088,'黄金','男',NULL),(3051089,'田文生','男',NULL),(3051090,'李林','男',NULL),(3051091,'陈星宇','男',NULL),(3051092,'刘金涛','男',NULL),(3051093,'宋君','男',NULL),(3051094,'张海龙','男',NULL),(3051095,'杨金虎','男',NULL),(3051096,'付云生','男',NULL),(3051097,'苗新明','男',NULL),(3051098,'薛心','男',NULL),(3051099,'王旭','男',NULL),(3051100,'田冬宝','男',NULL),(3051101,'刘宁','男',NULL),(3051102,'舒添翼','男',NULL),(3051103,'豆云','男',NULL),(3051104,'陈琛','男',NULL),(3051105,'边金元','男',NULL),(3051106,'程永帅','男',NULL),(3051107,'吕思游','男',NULL),(3051108,'俞飞江','男',NULL);
/*!40000 ALTER TABLE `student` ENABLE KEYS */;
UNLOCK TABLES;

--
-- Table structure for table `student-class`
--

DROP TABLE IF EXISTS `student-class`;
/*!40101 SET @saved_cs_client     = @@character_set_client */;
/*!50503 SET character_set_client = utf8mb4 */;
CREATE TABLE `student-class` (
  `StudentID` int NOT NULL,
  `ClassID` int NOT NULL,
  PRIMARY KEY (`StudentID`,`ClassID`),
  KEY `Student_Class_class_FK` (`ClassID`),
  CONSTRAINT `Student_Class_class_FK` FOREIGN KEY (`ClassID`) REFERENCES `class` (`ClassID`) ON DELETE RESTRICT ON UPDATE CASCADE,
  CONSTRAINT `Student_Class_student_FK` FOREIGN KEY (`StudentID`) REFERENCES `student` (`StudentID`) ON DELETE RESTRICT ON UPDATE CASCADE
) ENGINE=InnoDB DEFAULT CHARSET=utf8mb4 COLLATE=utf8mb4_0900_ai_ci;
/*!40101 SET character_set_client = @saved_cs_client */;

--
-- Dumping data for table `student-class`
--

LOCK TABLES `student-class` WRITE;
/*!40000 ALTER TABLE `student-class` DISABLE KEYS */;
INSERT INTO `student-class` VALUES (1002,2203012),(100011,2203012),(3051002,2203012),(3051010,2203012),(3051023,2203012),(3051024,2203012),(3051028,2203012),(3051031,2203012),(3051045,2203012),(3051056,2203012),(3051060,2203012),(3051064,2203012),(3051067,2203012),(3051079,2203012),(3051088,2203012),(3051101,2203012),(3051106,2203012),(1001,2203013),(3051005,2203013),(3051016,2203013),(3051019,2203013),(3051027,2203013),(3051030,2203013),(3051062,2203013),(3051069,2203013),(3051072,2203013),(3051074,2203013),(3051075,2203013),(3051087,2203013),(3051093,2203013),(3051094,2203013),(3051001,2203014),(3051007,2203014),(3051009,2203014),(3051013,2203014),(3051018,2203014),(3051029,2203014),(3051065,2203014),(3051073,2203014),(3051085,2203014),(3051091,2203014),(3051105,2203014),(3051014,2203015),(3051017,2203015),(3051036,2203015),(3051037,2203015),(3051038,2203015),(3051071,2203015),(3051076,2203015),(3051081,2203015),(3051086,2203015),(3051098,2203015),(3051044,2203016),(3051048,2203016),(3051053,2203016),(3051058,2203016),(3051066,2203016),(3051068,2203016),(3051070,2203016),(3051089,2203016),(3051095,2203016),(3051003,2203017),(3051006,2203017),(3051015,2203017),(3051020,2203017),(3051021,2203017),(3051022,2203017),(3051025,2203017),(3051032,2203017),(3051033,2203017),(3051042,2203017),(3051046,2203017),(3051047,2203017),(3051051,2203017),(3051054,2203017),(3051057,2203017),(3051059,2203017),(3051061,2203017),(3051077,2203017),(3051090,2203017),(3051096,2203017),(3051097,2203017),(3051100,2203017),(3051103,2203017),(3051107,2203017),(3051004,2203018),(3051012,2203018),(3051034,2203018),(3051039,2203018),(3051040,2203018),(3051041,2203018),(3051050,2203018),(3051052,2203018),(3051078,2203018),(3051082,2203018),(3051084,2203018),(3051099,2203018),(3051102,2203018),(3051104,2203018),(3051008,2203019),(3051011,2203019),(3051026,2203019),(3051035,2203019),(3051043,2203019),(3051049,2203019),(3051055,2203019),(3051063,2203019),(3051080,2203019),(3051083,2203019),(3051092,2203019),(3051108,2203019);
/*!40000 ALTER TABLE `student-class` ENABLE KEYS */;
UNLOCK TABLES;

--
-- Temporary view structure for view `student_major_view`
--

DROP TABLE IF EXISTS `student_major_view`;
/*!50001 DROP VIEW IF EXISTS `student_major_view`*/;
SET @saved_cs_client     = @@character_set_client;
/*!50503 SET character_set_client = utf8mb4 */;
/*!50001 CREATE VIEW `student_major_view` AS SELECT 
 1 AS `StudentID`,
 1 AS `StudentName`,
 1 AS `ClassID`,
 1 AS `MajorID`*/;
SET character_set_client = @saved_cs_client;

--
-- Table structure for table `teacher`
--

DROP TABLE IF EXISTS `teacher`;
/*!40101 SET @saved_cs_client     = @@character_set_client */;
/*!50503 SET character_set_client = utf8mb4 */;
CREATE TABLE `teacher` (
  `TeacherID` int NOT NULL,
  `TeacherName` varchar(255) DEFAULT NULL,
  PRIMARY KEY (`TeacherID`)
) ENGINE=InnoDB DEFAULT CHARSET=utf8mb4 COLLATE=utf8mb4_0900_ai_ci;
/*!40101 SET character_set_client = @saved_cs_client */;

--
-- Dumping data for table `teacher`
--

LOCK TABLES `teacher` WRITE;
/*!40000 ALTER TABLE `teacher` DISABLE KEYS */;
INSERT INTO `teacher` VALUES (2313421,'3scsc'),(2400001,'吕丽华'),(2400002,'彭秀云'),(2400003,'谢晶'),(2400004,'陈涛'),(2400005,'陈娜'),(2400006,'白桂芳'),(2400007,'卢玉英'),(2400008,'雷博'),(2400009,'黄强'),(2400010,'易红霞'),(2400011,'张娟'),(2400012,'徐秀云'),(2400013,'蔡瑞'),(2400014,'谢倩'),(2400015,'余淑珍'),(2400016,'陈峰'),(2400017,'李倩'),(2400018,'郭强'),(2400019,'刘桂英'),(2400020,'张丽'),(2400021,'顾龙'),(2400022,'李桂荣'),(2400023,'杨俊'),(2400024,'马金凤'),(2400025,'田桂芝'),(2400026,'宋秀梅'),(2400027,'李玉英'),(2400028,'林凤英'),(2400029,'张玉'),(2400030,'周莹'),(2400031,'顾帅'),(2400032,'赵宇'),(2400033,'夏萍'),(2400034,'王丽华'),(2400035,'杜洋'),(2400036,'黄柳'),(2400037,'潘桂芝'),(2400038,'李鑫'),(2400039,'陈凤英'),(2400040,'邓华'),(2400041,'俞丽华'),(2400042,'陶宁'),(2400043,'赵明'),(2400044,'吴健'),(2400045,'邓玉'),(2400046,'许坤'),(2400047,'徐欢'),(2400048,'黎军'),(2400049,'李鹏'),(2400050,'陈冬梅'),(2400051,'邵林'),(2400052,'周玲'),(2400053,'孙婷婷'),(2400054,'方凤英'),(2400055,'陈伟'),(2400056,'赵建'),(2400057,'何梅'),(2400058,'杨红'),(2400059,'程春梅'),(2400060,'王强'),(2400061,'樊秀云'),(2400062,'吉玲'),(2400063,'马莹'),(2400064,'赖玉'),(2400065,'钟丽华'),(2400066,'何秀英'),(2400067,'王燕'),(2400068,'冯秀荣');
/*!40000 ALTER TABLE `teacher` ENABLE KEYS */;
UNLOCK TABLES;

--
-- Table structure for table `teacher-course`
--

DROP TABLE IF EXISTS `teacher-course`;
/*!40101 SET @saved_cs_client     = @@character_set_client */;
/*!50503 SET character_set_client = utf8mb4 */;
CREATE TABLE `teacher-course` (
  `TeacherID` int NOT NULL,
  `CourseID` varchar(255) NOT NULL,
  PRIMARY KEY (`TeacherID`,`CourseID`),
  KEY `teacher_course_course_FK` (`CourseID`),
  CONSTRAINT `teacher_course_course_FK` FOREIGN KEY (`CourseID`) REFERENCES `course` (`CourseID`) ON DELETE RESTRICT ON UPDATE CASCADE,
  CONSTRAINT `Teacher_Course_teacher_FK` FOREIGN KEY (`TeacherID`) REFERENCES `teacher` (`TeacherID`) ON DELETE RESTRICT ON UPDATE CASCADE
) ENGINE=InnoDB DEFAULT CHARSET=utf8mb4 COLLATE=utf8mb4_0900_ai_ci;
/*!40101 SET character_set_client = @saved_cs_client */;

--
-- Dumping data for table `teacher-course`
--

LOCK TABLES `teacher-course` WRITE;
/*!40000 ALTER TABLE `teacher-course` DISABLE KEYS */;
INSERT INTO `teacher-course` VALUES (2313421,'AM1113001'),(2400001,'CS1121004'),(2400002,'CS1121005'),(2400003,'CS1121006'),(2400004,'CS2121001'),(2400005,'CS2121003'),(2400006,'CS2121007'),(2400007,'CS2221016'),(2400008,'CS2221017'),(2400009,'CS2221027'),(2400010,'CS2221028'),(2400011,'CS3121009'),(2400012,'CS3121010'),(2400013,'CS3121011'),(2400014,'CS3121012'),(2400015,'CS3121013'),(2400016,'CS3121014'),(2400017,'CS3221018'),(2400018,'CS3221020'),(2400019,'CS3221022'),(2400020,'CS3221023'),(2400021,'CS3221024'),(2400022,'CS3221025'),(2400023,'CS3221030'),(2400024,'CS3221031'),(2400025,'CS3221032'),(2400026,'CS3221033'),(2400027,'CS3221036'),(2400028,'CS3221037'),(2400029,'CS3321038'),(2400030,'CS3321040'),(2400031,'CS3321041'),(2400032,'CS3321043'),(2400033,'CS3321045'),(2400034,'CS3321047'),(2400035,'CS3321048'),(2400036,'CS4121015'),(2400037,'CS4221019'),(2400038,'CS4221021'),(2400039,'CS4221026'),(2400040,'CS4221029'),(2400041,'CS4221034'),(2400042,'CS4221035'),(2400043,'CS4321039'),(2400044,'CS4321042'),(2400045,'CS4321044'),(2400046,'CS4321046'),(2400047,'CS4321049'),(2400048,'CS4321050'),(2400049,'CS4321051'),(2400050,'EM1112001'),(2400051,'HA1112004'),(2400052,'HA1113003'),(2400053,'HA2113001'),(2400054,'HA2113002'),(2400055,'HE1123001'),(2400056,'IB2111005'),(2400057,'IB2113001'),(2400058,'IB2113002'),(2400059,'IB2113003'),(2400060,'IR1113001'),(2400061,'IR1123002'),(2400062,'SC1112001'),(2400063,'SC1112003'),(2400064,'SC1112007'),(2400065,'SC1112008'),(2400066,'SC2112005'),(2400067,'SC2322002');
/*!40000 ALTER TABLE `teacher-course` ENABLE KEYS */;
UNLOCK TABLES;

--
-- Dumping routines for database 'mydatabase'
--

--
-- Final view structure for view `newview`
--

/*!50001 DROP VIEW IF EXISTS `newview`*/;
/*!50001 SET @saved_cs_client          = @@character_set_client */;
/*!50001 SET @saved_cs_results         = @@character_set_results */;
/*!50001 SET @saved_col_connection     = @@collation_connection */;
/*!50001 SET character_set_client      = utf8mb4 */;
/*!50001 SET character_set_results     = utf8mb4 */;
/*!50001 SET collation_connection      = utf8mb4_0900_ai_ci */;
/*!50001 CREATE ALGORITHM=UNDEFINED */
/*!50013 DEFINER=`root`@`localhost` SQL SECURITY DEFINER */
/*!50001 VIEW `newview` AS select `g`.`StudentID` AS `StudentID`,`c`.`CourseName` AS `CourseName`,`m`.`quality` AS `quality`,`t`.`TeacherName` AS `TeacherName`,`m`.`Semester` AS `Semester`,`c`.`Credits` AS `Credits`,`g`.`Score` AS `Score` from ((((`newview_1` `g` join `course` `c` on((`g`.`CourseID` = `c`.`CourseID`))) join `majorplan` `m` on(((`g`.`CourseID` = `m`.`CourseID`) and (`g`.`MajorID` = `m`.`MajorID`)))) join `teacher-course` `tc` on((`g`.`CourseID` = `tc`.`CourseID`))) join `teacher` `t` on((`tc`.`TeacherID` = `t`.`TeacherID`))) */;
/*!50001 SET character_set_client      = @saved_cs_client */;
/*!50001 SET character_set_results     = @saved_cs_results */;
/*!50001 SET collation_connection      = @saved_col_connection */;

--
-- Final view structure for view `newview_1`
--

/*!50001 DROP VIEW IF EXISTS `newview_1`*/;
/*!50001 SET @saved_cs_client          = @@character_set_client */;
/*!50001 SET @saved_cs_results         = @@character_set_results */;
/*!50001 SET @saved_col_connection     = @@collation_connection */;
/*!50001 SET character_set_client      = utf8mb4 */;
/*!50001 SET character_set_results     = utf8mb4 */;
/*!50001 SET collation_connection      = utf8mb4_0900_ai_ci */;
/*!50001 CREATE ALGORITHM=UNDEFINED */
/*!50013 DEFINER=`root`@`localhost` SQL SECURITY DEFINER */
/*!50001 VIEW `newview_1` AS select `g`.`StudentID` AS `StudentID`,`g`.`CourseID` AS `CourseID`,`g`.`Score` AS `Score`,`c`.`MajorID` AS `MajorID` from ((`grade` `g` join `student-class` `sc` on((`sc`.`StudentID` = `g`.`StudentID`))) join `class` `c` on((`c`.`ClassID` = `sc`.`ClassID`))) */;
/*!50001 SET character_set_client      = @saved_cs_client */;
/*!50001 SET character_set_results     = @saved_cs_results */;
/*!50001 SET collation_connection      = @saved_col_connection */;

--
-- Final view structure for view `student_major_view`
--

/*!50001 DROP VIEW IF EXISTS `student_major_view`*/;
/*!50001 SET @saved_cs_client          = @@character_set_client */;
/*!50001 SET @saved_cs_results         = @@character_set_results */;
/*!50001 SET @saved_col_connection     = @@collation_connection */;
/*!50001 SET character_set_client      = utf8mb4 */;
/*!50001 SET character_set_results     = utf8mb4 */;
/*!50001 SET collation_connection      = utf8mb4_0900_ai_ci */;
/*!50001 CREATE ALGORITHM=UNDEFINED */
/*!50013 DEFINER=`root`@`localhost` SQL SECURITY DEFINER */
/*!50001 VIEW `student_major_view` AS select `s`.`StudentID` AS `StudentID`,`s`.`StudentName` AS `StudentName`,`sc`.`ClassID` AS `ClassID`,`c`.`MajorID` AS `MajorID` from ((`student` `s` join `student-class` `sc` on((`s`.`StudentID` = `sc`.`StudentID`))) join `class` `c` on((`sc`.`ClassID` = `c`.`ClassID`))) */;
/*!50001 SET character_set_client      = @saved_cs_client */;
/*!50001 SET character_set_results     = @saved_cs_results */;
/*!50001 SET collation_connection      = @saved_col_connection */;
/*!40103 SET TIME_ZONE=@OLD_TIME_ZONE */;

/*!40101 SET SQL_MODE=@OLD_SQL_MODE */;
/*!40014 SET FOREIGN_KEY_CHECKS=@OLD_FOREIGN_KEY_CHECKS */;
/*!40014 SET UNIQUE_CHECKS=@OLD_UNIQUE_CHECKS */;
/*!40101 SET CHARACTER_SET_CLIENT=@OLD_CHARACTER_SET_CLIENT */;
/*!40101 SET CHARACTER_SET_RESULTS=@OLD_CHARACTER_SET_RESULTS */;
/*!40101 SET COLLATION_CONNECTION=@OLD_COLLATION_CONNECTION */;
/*!40111 SET SQL_NOTES=@OLD_SQL_NOTES */;

-- Dump completed on 2025-01-14 21:24:37
